{
  "POST - Create Pet" : {
    "transaction" : "POST - Create Pet",
    "sampleCount" : 10,
    "errorCount" : 0,
    "errorPct" : 0.0,
    "meanResTime" : 226.4,
    "medianResTime" : 225.5,
    "minResTime" : 214.0,
    "maxResTime" : 240.0,
    "pct1ResTime" : 239.2,
    "pct2ResTime" : 240.0,
    "pct3ResTime" : 240.0,
    "throughput" : 2.1570319240724762,
    "receivedKBytesPerSec" : 0.8699747896893874,
    "sentKBytesPerSec" : 0.5224061691113029
  },
  "Total" : {
    "transaction" : "Total",
    "sampleCount" : 20,
    "errorCount" : 0,
    "errorPct" : 0.0,
    "meanResTime" : 812.1000000000001,
    "medianResTime" : 767.5,
    "minResTime" : 214.0,
    "maxResTime" : 1549.0,
    "pct1ResTime" : 1449.0,
    "pct2ResTime" : 1544.1,
    "pct3ResTime" : 1549.0,
    "throughput" : 3.2325844512687896,
    "receivedKBytesPerSec" : 130.72599932317763,
    "sentKBytesPerSec" : 0.6392562025214158
  },
  "GET - Find Pets by Status" : {
    "transaction" : "GET - Find Pets by Status",
    "sampleCount" : 10,
    "errorCount" : 0,
    "errorPct" : 0.0,
    "meanResTime" : 1397.8,
    "medianResTime" : 1374.0,
    "minResTime" : 1295.0,
    "maxResTime" : 1549.0,
    "pct1ResTime" : 1539.2,
    "pct2ResTime" : 1549.0,
    "pct3ResTime" : 1549.0,
    "throughput" : 1.6818028927009754,
    "receivedKBytesPerSec" : 135.34620832282206,
    "sentKBytesPerSec" : 0.25785454507231753
  }
}